Gene	Pvalue_SEQC	FoldChange_SEQC	Pvalue_Nanostring	FoldChange_Nanostring
PBK	3e-04	-4.5	2.8e-08	-1
F13A1	7e-08	5.4	9e-15	1.9
IL7	0.0011	-4	0.18	0.3
CDK1	0.00023	-2.3	9.5e-09	-0.9
TTK	4.6e-05	-3.7	1.2e-09	-0.9
CT45A1	0.0014	-2.9	0.13	-0.2
BIRC5	0.00011	-3.5	1.2e-06	-1
FCGR3A	4e-07	4.2	0.00019	0.9
IL3	0.00035	-2.1	0.044	0.3
BLNK	2.6e-07	4.3	2.5e-17	1.9
CCR5	5.9e-07	4.1	3.8e-11	2.1
GATA3	0.0027	-2.3	2e-07	-0.4
COLEC12	2.9e-07	4.4	4e-09	0.9
